"Character","Reading"
"一","yī"
"丁","dīng"
"七","qī"
"万","wàn"
"丈","zhàng"
"三","sān"
"上","shàng,shang"
"下","xià,xia"
"不","bù,bu"
"与","yǔ,yù"
"丑","choǔ"
"专","zhuān"
"且","qiě"
"世","shì"
"丘","qiū"
"丙","bǐng"
"业","yè"
"丛","cóng"
"东","dōng"
"丝","sī"
"丟","diū"
"丢","diū"
"两","liǎng"
"严","yán"
"丧","sàng"
"个","gè,ge,gě"
"丫","yā"
"中","zhōng,zhòng"
"丰","fēng"
"串","chuàn"
"临","lín"
"丸","wán"
"丹","dān,dan"
"为","wèi,wéi"
"主","zhǔ"
"丽","lì"
"举","jǔ,ju"
"乃","nǎi"
"久","jiǔ"
"么","me"
"义","yì"
"之","zhī"
"乌","wū"
"乎","hu,hū"
"乏","fá"
"乐","lè,yuè"
"乒","pīng"
"乓","pāng"
"乖","guāi"
"乘","chéng"
"乙","yǐ"
"九","jiǔ"
"也","yě"
"习","xí"
"乡","xiāng"
"书","shū"
"买","mǎi"
"乱","luàn"
"乳","rǔ"
"亂","luàn"
"了","le,liǎo,liào"
"予","yǔ"
"争","zhēng"
"事","shì,shi"
"二","èr"
"于","yú"
"亏","kuī"
"云","yún"
"互","hù"
"五","wǔ"
"井","jǐng"
"亚","yà"
"些","xiē"
"亞","yà"
"亡","wáng"
"交","jiāo"
"亦","yì"
"产","chǎn"
"亩","mǔ"
"享","xiǎng"
"亭","tíng"
"亮","liàng,liang"
"亲","qīn,qin"
"人","rén,ren"
"亿","yì"
"什","shén,shen"
"仅","jǐn"
"仇","choú"
"今","jīn"
"介","jiè"
"仍","réng"
"从","cóng,cōng"
"仓","cāng"
"仔","zǐ"
"他","tā"
"仗","zhàng"
"付","fù,fu"
"仙","xian,xiān"
"代","dài"
"令","lìng"
"以","yǐ"
"仪","yí"
"们","men"
"仰","yǎng"
"件","jiàn"
"价","jià"
"任","rèn"
"份","fèn,fen"
"仿","fǎng"
"企","qǐ"
"伊","yī"
"伍","wu"
"伏","fú"
"伐","fá"
"休","xiū"
"众","zhòng"
"优","yoū"
"伙","huǒ,huo"
"会","huì,kuài"
"伞","sǎn"
"伟","wěi"
"传","chuán,zhuàn"
"伤","shāng"
"伪","wěi"
"伯","bó,bo"
"估","gū"
"伴","bàn"
"伶","ling"
"伸","shēn"
"伺","cì"
"似","shì,sì"
"佃","diàn"
"但","dàn"
"位","wèi"
"低","dī"
"住","zhù"
"佑","yoù"
"体","tǐ"
"何","hé"
"余","yú"
"佛","fú"
"作","zuò"
"你","nǐ"
"佩","pèi"
"佳","jiā"
"使","shǐ"
"來","lái"
"例","lì"
"侍","shì"
"供","gōng,gòng"
"依","yī"
"侦","zhēn"
"侧","cè"
"侮","wǔ"
"侵","qīn"
"便","biàn,pián"
"促","cù"
"俄","é"
"俗","sú"
"俘","fú"
"保","bǎo"
"信","xìn"
"俩","liǎ"
"俭","jiǎn"
"修","xiū"
"俯","fǔ"
"俱","jù"
"俺","ǎn"
"倆","liǎ"
"倉","cāng"
"個","gè,ge,gě"
"倍","bèi"
"們","men"
"倒","dào,dǎo"
"倘","tǎng"
"候","hou,hoù"
"倚","yǐ"
"借","jiè"
"倡","chàng"
"倦","juàn"
"债","zhài"
"值","zhí"
"倾","qīng"
"假","jiǎ,jià"
"偉","wěi"
"偎","wēi"
"偏","piān"
"做","zuò"
"停","tíng"
"健","jiàn"
"側","cè"
"偵","zhēn"
"偶","oǔ"
"偷","toū"
"偽","wěi"
"偿","cháng"
"傅","fu"
"傍","bàng"
"傘","sǎn"
"備","bèi"
"储","chǔ"
"催","cuī"
"傲","ào"
"傳","chuán,zhuàn"
"債","zhài"
"傷","shāng"
"傻","shǎ"
"傾","qīng"
"僅","jǐn"
"像","xiàng"
"僚","liáo"
"僱","gù"
"僵","jiāng"
"價","jià"
"儀","yí"
"億","yì"
"儉","jiǎn"
"償","cháng"
"優","yoū"
"儲","chǔ"
"儿","r,ér"
"允","yǔn"
"元","yuán"
"兄","xiōng,xiong"
"充","chōng"
"先","xiān"
"光","guāng"
"克","kè"
"免","miǎn"
"兒","r,ér"
"兔","tù"
"党","dǎng"
"兜","doū"
"入","rù"
"內","nèi"
"全","quán"
"兩","liǎng"
"八","bā"
"公","gōng"
"六","liù"
"共","gòng"
"关","guān"
"兴","xìng,xīng"
"兵","bīng"
"其","qí"
"具","jù,ju"
"典","diǎn"
"养","yǎng"
"兼","jiān"
"兽","shoù"
"内","nèi"
"冈","gāng"
"冊","cè"
"册","cè"
"再","zài"
"冒","mào"
"写","xiě"
"军","jūn"
"农","nóng"
"冤","yuān"
"冬","dōng"
"冰","bīng"
"冲","chōng,chòng"
"决","jué"
"况","kuàng"
"冶","yě"
"冷","lěng"
"冻","dòng"
"净","jìng"
"凄","qī"
"准","zhǔn"
"凉","liáng"
"凍","dòng"
"减","jiǎn"
"凑","coù"
"凝","níng"
"几","jǐ,jī"
"凡","fán"
"凤","fèng"
"凫","fú"
"凭","píng"
"凰","huáng"
"凳","dèng"
"凶","xiōng"
"凸","tū"
"凹","āo"
"出","chū"
"击","jī"
"凿","záo"
"刀","dāo"
"分","fēn,fèn,fen"
"切","qiè,qiē"
"刊","kān"
"刑","xíng"
"划","huà,huá"
"列","liè"
"则","zé"
"刚","gāng"
"创","chuàng,chuāng"
"初","chū"
"判","pàn"
"別","bié,biè"
"刨","páo"
"利","lì,li"
"别","bié,biè"
"刮","guā"
"到","dào,dao"
"制","zhì"
"刷","shuā"
"刹","shā,chà"
"刺","cì"
"刻","kè"
"剂","jì"
"則","zé"
"削","xuē,xiāo"
"前","qián"
"剎","shā,chà"
"剑","jiàn"
"剔","tī"
"剖","poū"
"剛","gāng"
"剝","bō"
"剥","bō"
"剧","jù"
"剩","shèng"
"剪","jiǎn"
"副","fù"
"割","gē"
"創","chuàng,chuāng"
"剿","jiǎo"
"劇","jù"
"劈","pī"
"劍","jiàn"
"劑","jì"
"力","lì,li"
"劝","quàn"
"办","bàn"
"功","gōng"
"加","jiā"
"务","wu,wù"
"劣","liè"
"动","dòng"
"助","zhù"
"努","nǔ"
"励","lì"
"劲","jìn"
"劳","láo"
"势","shì,shi"
"勁","jìn"
"勃","bó"
"勇","yǒng"
"勉","miǎn"
"勒","lēi"
"動","dòng"
"勘","kān"
"務","wu,wù"
"勝","shèng"
"勞","láo"
"勢","shì,shi"
"勤","qín"
"勵","lì"
"勸","quàn"
"勻","yún"
"勾","goū"
"匀","yún"
"包","bāo"
"匆","cōng"
"化","huà"
"北","běi"
"匙","shi"
"匠","jiang,jiàng"
"匪","fěi"
"匯","huì"
"匹","pǐ"
"区","qū"
"医","yī"
"匾","biǎn"
"區","qū"
"十","shí"
"千","qiān"
"升","shēng"
"午","wǔ,wu"
"半","bàn"
"华","huá"
"协","xié"
"卑","bēi"
"協","xié"
"单","dān"
"卖","mài,mai"
"南","nán"
"博","bó"
"卜","bo"
"占","zhàn"
"卡","kǎ"
"卧","wò"
"卫","wèi"
"印","yìn"
"危","wēi"
"即","jí"
"却","què"
"卵","luǎn"
"卷","juǎn,juàn"
"卸","xiè"
"卻","què"
"厂","chǎng"
"厅","tīng"
"历","lì"
"厉","lì"
"压","yā"
"厌","yàn"
"厕","cè"
"厘","lí"
"厚","hoù"
"原","yuán"
"厢","xiāng"
"厦","shà"
"厨","chú"
"厭","yàn"
"厲","lì"
"去","qù"
"县","xiàn"
"参","cān,shēn"
"參","cān,shēn"
"又","yoù"
"及","jí"
"友","you,yoǔ"
"双","shuāng"
"反","fǎn"
"发","fā,fa,fà"
"叔","shū,shu"
"取","qǔ"
"受","shoù"
"变","biàn"
"叙","xù"
"叛","pàn"
"叠","dié"
"叢","cóng"
"口","koǔ,kou"
"古","gǔ"
"句","jù"
"另","lìng"
"只","zhǐ,zhī"
"叫","jiào"
"召","zhào"
"叭","ba"
"叮","dīng"
"可","kě"
"台","tái"
"史","shǐ"
"右","yoù"
"叶","yè"
"号","hào,hao,háo"
"司","sī"
"叹","tàn"
"叼","diāo"
"吁","xū,yù"
"吃","chī"
"各","gè"
"吆","yāo"
"合","hé"
"吉","jí"
"吊","diào"
"同","tóng,tong,tòng"
"名","míng"
"后","hoù"
"吐","tǔ,tù"
"向","xiàng"
"吓","xià"
"吗","ma,má"
"君","jūn"
"吞","tūn"
"吟","yín"
"否","foǔ"
"吧","ba"
"吨","dūn"
"吩","fēn"
"含","hán"
"听","tīng,ting"
"吭","kēng"
"启","qǐ"
"吵","chǎo"
"吶","ne,nà"
"吸","xī"
"吹","chuī"
"吻","wěn"
"吼","hoǔ"
"呀","ya,yā"
"呃","è"
"呆","dāi"
"呈","chéng"
"告","gào"
"呐","ne,nà"
"呗","bei"
"员","yuán"
"呜","wū"
"呢","ne,ní"
"周","zhoū"
"味","wèi"
"呵","ā,hē"
"呸","pēi"
"呻","shēn"
"呼","hū,hu"
"命","mìng"
"咀","jǔ"
"咂","zā"
"咆","páo"
"咋","zǎ"
"和","hé,huo,he,hè"
"咐","fu"
"咒","zhoù"
"咕","gu"
"咖","kā"
"咙","lóng"
"咛","níng"
"咦","yí"
"咧","lie"
"咬","yǎo"
"咱","zán,zan"
"咳","hāi,ké"
"咸","xián"
"咽","yàn,yè,yān"
"哀","āi"
"品","pǐn"
"哄","hōng,hǒng"
"哆","duō"
"哇","wa,wā"
"哈","hā"
"响","xiǎng"
"哎","āi"
"哏","gén"
"哑","yǎ"
"哗","huā"
"哟","yō,yo"
"員","yuán"
"哥","gē,ge"
"哦","ó,ò,é"
"哧","chī"
"哨","shào"
"哩","li"
"哪","nǎ,na"
"哭","kū"
"哮","xiāo"
"哲","zhé"
"哺","bǔ"
"哼","hēng"
"哽","gěng"
"唄","bei"
"唇","chún"
"唤","huàn,huan"
"唬","hu"
"售","shoù"
"唯","wéi"
"唰","shuā"
"唱","chàng"
"唾","tuò"
"啃","kěn"
"啄","zhuó"
"商","shāng"
"啊","a,ā"
"問","wèn,wen"
"啞","yǎ"
"啟","qǐ"
"啡","fēi"
"啤","pí"
"啥","shà"
"啦","la,lā"
"啪","pā"
"啸","xiào"
"啼","tí"
"啾","jiū"
"喂","wèi"
"喃","nán"
"善","shàn"
"喇","lǎ"
"喉","hoú"
"喊","hǎn"
"喔","ō"
"喘","chuǎn"
"喚","huàn,huan"
"喜","xǐ"
"喝","hē,he,hè"
"喪","sàng"
"單","dān"
"喲","yō,yo"
"喷","pēn"
"喽","lou"
"嗅","xiù"
"嗎","ma,má"
"嗐","hài"
"嗓","sǎng"
"嗚","wū"
"嗡","wēng"
"嗦","suo"
"嗨","hāi"
"嗬","hē"
"嗯","ń,ň,ǹ,nǵ,nǧ,ng̀"
"嗽","sou"
"嘀","dí"
"嘆","tàn"
"嘈","cáo"
"嘍","lou"
"嘗","cháng"
"嘘","xū"
"嘛","ma,má"
"嘩","huā"
"嘯","xiào"
"嘱","zhǔ"
"嘲","cháo"
"嘴","zuǐ"
"嘶","sī"
"嘻","xī"
"嘿","hēi"
"噓","xū"
"噢","ō"
"器","qì"
"噪","zào"
"噴","pēn"
"噸","dūn"
"嚀","níng"
"嚇","xià"
"嚨","lóng"
"嚴","yán"
"嚷","rǎng"
"嚼","jué"
"囑","zhǔ"
"四","sì"
"回","huí"
"因","yīn"
"团","tuán"
"囪","cōng"
"园","yuán"
"困","kùn"
"囱","cōng"
"围","wéi"
"固","gù"
"国","guó"
"图","tú"
"圆","yuán"
"圈","quān,juàn"
"國","guó"
"圍","wéi"
"園","yuán"
"圓","yuán"
"圖","tú"
"團","tuán"
"土","tǔ"
"圣","shèng"
"在","zài"
"地","de,dì"
"场","chǎng,cháng"
"圾","jī"
"址","zhǐ"
"均","jūn"
"坊","fang"
"坎","kǎn"
"坏","huài"
"坐","zuò"
"坑","kēng"
"块","kuài"
"坚","jiān"
"坝","bà"
"坟","fén"
"坠","zhuì"
"坡","pō"
"坦","tǎn"
"坯","pī"
"垂","chuí"
"垃","lā"
"垄","lǒng"
"型","xíng"
"垒","lěi"
"垦","kěn"
"垫","diàn"
"垮","kuǎ"
"埃","āi"
"埋","mái,mán"
"城","chéng"
"域","yù"
"埠","bù"
"執","zhí"
"培","péi"
"基","jī"
"堂","táng,tang"
"堅","jiān"
"堆","duī"
"堡","bǎo"
"堤","dī"
"堪","kān"
"堰","yàn"
"報","bào"
"場","chǎng,cháng"
"堵","dǔ"
"塊","kuài"
"塌","tā"
"塑","sù"
"塔","tǎ"
"塘","táng"
"塞","sāi,sè"
"填","tián"
"塵","chén"
"境","jìng"
"墊","diàn"
"墓","mù"
"墙","qiáng"
"墜","zhuì"
"增","zēng"
"墨","mò"
"墩","dūn"
"墳","fén"
"墾","kěn"
"壁","bì"
"壓","yā"
"壕","háo"
"壘","lěi"
"壞","huài"
"壟","lǒng"
"壤","rǎng"
"壩","bà"
"士","shì,shi"
"壮","zhuàng"
"壯","zhuàng"
"声","shēng,sheng"
"壳","ké,qiào"
"壶","hú"
"壺","hú"
"壽","shoù"
"处","chù,chǔ,chu"
"备","bèi"
"复","fù"
"夏","xià"
"夕","xī"
"外","wài"
"多","duō"
"夜","yè"
"够","goù"
"夠","goù"
"夢","mèng"
"大","dà,dài"
"天","tiān,tian"
"太","tài,tai"
"夫","fu,fū"
"央","yāng"
"失","shī"
"头","toú,tou"
"夸","kuā"
"夹","jiā,jiá"
"夺","duó"
"夾","jiā,jiá"
"奇","qí"
"奈","nài"
"奉","fèng"
"奋","fèn"
"奏","zoù"
"奔","bēn,bèn"
"奖","jiǎng"
"套","tào"
"奠","diàn"
"奪","duó"
"奮","fèn"
"女","n̈ǔ,n̈u"
"奴","nú"
"奶","nǎi,nai"
"奸","jiān"
"她","tā"
"好","hǎo,hāo,hào"
"如","rú"
"妄","wàng"
"妇","fù,fu"
"妈","mā,ma"
"妙","miào"
"妥","tuǒ"
"妨","fáng,fāng"
"妹","mèi,mei"
"妻","qī"
"姆","mǔ"
"姊","zǐ"
"始","shǐ"
"姐","jie,jiě"
"姑","gū,gu"
"姓","xìng"
"委","wěi"
"姜","jiāng"
"姨","yí"
"姻","yīn"
"姿","zī"
"威","wēi"
"娃","wá,wa"
"娇","jiāo"
"娘","niang,niáng"
"娛","yú"
"娱","yú"
"娶","qǔ"
"婆","pó,po"
"婚","hūn"
"婦","fù,fu"
"婴","yīng"
"婶","shěn,shen"
"媳","xí"
"媽","mā,ma"
"嫁","jià"
"嫂","sǎo,sao"
"嫌","xián"
"嫩","nèn"
"嬌","jiāo"
"嬰","yīng"
"嬸","shěn,shen"
"子","zi,zǐ"
"孔","kǒng"
"字","zì,zi"
"存","cún"
"孙","sūn"
"季","jì"
"孤","gū"
"学","xué"
"孩","hái"
"孫","sūn"
"孵","fū"
"學","xué"
"宁","níng,nìng"
"它","tā"
"宅","zhái"
"宇","yǔ"
"守","shoǔ"
"安","ān"
"完","wán"
"宏","hóng"
"宗","zōng,zong"
"官","guān"
"宙","zhoù"
"定","dìng"
"宜","yi,yí"
"宝","bǎo"
"实","shí,shi"
"审","shěn"
"客","kè"
"宣","xuān"
"室","shì"
"宪","xiàn"
"宫","gōng"
"宮","gōng"
"宰","zǎi"
"害","hài,hai"
"宴","yàn"
"宵","xiāo"
"家","jiā,jia"
"容","róng"
"宽","kuān"
"宾","bīn"
"宿","sù,xiǔ"
"寂","jì"
"寄","jì"
"密","mì"
"寇","koù"
"富","fù"
"寒","hán"
"寓","yù"
"寞","mò"
"察","chá"
"寡","guǎ"
"實","shí,shi"
"寧","níng,nìng"
"審","shěn"
"寫","xiě"
"寬","kuān"
"寶","bǎo"
"寸","cùn,cun"
"对","duì"
"寻","xún,xín"
"导","dǎo"
"寿","shoù"
"封","fēng"
"射","shè"
"将","jiāng,jiàng"
"將","jiāng,jiàng"
"專","zhuān"
"尊","zūn"
"尋","xún,xín"
"對","duì"
"導","dǎo"
"小","xiǎo"
"少","shǎo,shao,shào"
"尔","ěr"
"尖","jiān"
"尘","chén"
"尚","shàng,shang"
"尝","cháng"
"尤","yoú"
"就","jiù"
"尸","shī"
"尺","chǐ"
"尽","jǐn,jìn"
"尾","wěi"
"尿","niào"
"局","jú"
"屁","pì"
"层","céng"
"居","jū"
"屆","jiè"
"屈","qū,qu"
"屉","ti"
"届","jiè"
"屋","wū"
"屎","shǐ"
"屏","píng"
"屑","xiè"
"展","zhǎn,zhan"
"屜","ti"
"属","shǔ"
"屠","tú"
"層","céng"
"屬","shǔ"
"山","shān"
"屹","yì"
"屿","yǔ"
"岁","suì"
"岂","qǐ"
"岖","qū"
"岗","gǎng,gāng"
"岛","dǎo"
"岡","gāng"
"岩","yán"
"岭","lǐng"
"岸","àn"
"峡","xiá"
"峦","luán"
"峨","é"
"峭","qiào"
"峰","fēng"
"島","dǎo"
"峻","jùn"
"峽","xiá"
"崇","chóng"
"崎","qí"
"崖","yá"
"崗","gǎng,gāng"
"崩","bēng"
"崭","zhǎn"
"崽","zǎi"
"嵌","qiàn"
"嶄","zhǎn"
"嶇","qū"
"嶺","lǐng"
"嶼","yǔ"
"巍","wēi"
"巒","luán"
"州","zhoū"
"巡","xún"
"巢","cháo"
"工","gōng"
"左","zuǒ"
"巧","qiǎo"
"巨","jù"
"巩","gǒng"
"差","chà,chā,chāi"
"己","jǐ"
"已","yǐ"
"巴","ba,bā"
"巷","xiàng"
"巾","jīn"
"币","bì"
"市","shì"
"布","bù"
"帅","shuài"
"帆","fān"
"师","shī"
"希","xī"
"帐","zhàng"
"帕","pà"
"帘","lián"
"帚","zhou"
"帜","zhì"
"帝","dì"
"帥","shuài"
"带","dài"
"師","shī"
"席","xí"
"帮","bāng"
"帳","zhàng"
"帶","dài"
"常","cháng"
"帽","mào"
"幅","fú"
"幕","mù"
"幟","zhì"
"幣","bì"
"幫","bāng"
"干","gàn,gān"
"平","píng"
"年","nián"
"并","bìng"
"幸","xìng"
"幻","huàn"
"幼","yoù"
"幾","jǐ"
"广","guǎng"
"庄","zhuāng"
"庆","qìng"
"床","chuáng"
"序","xù"
"库","kù"
"应","yīng,yìng,ying"
"底","dǐ"
"店","diàn"
"庙","miào"
"府","fǔ"
"庞","páng"
"废","fèi"
"度","dù,du"
"座","zuò"
"庫","kù"
"庭","tíng"
"康","kāng"
"庸","yōng"
"廁","cè"
"廂","xiāng"
"廈","shà"
"廉","lián"
"廓","kuò"
"廚","chú"
"廟","miào"
"廠","chǎng"
"廢","fèi"
"廣","guǎng"
"廳","tīng"
"延","yán"
"建","jiàn"
"廿","niàn"
"开","kāi"
"异","yì"
"弃","qì"
"弄","nòng"
"式","shì,shi"
"弓","gōng"
"引","yǐn"
"弟","dì,di"
"张","zhāng"
"弥","mí"
"弦","xián"
"弯","wān"
"弱","ruò"
"張","zhāng"
"強","qiáng,qiǎng"
"弹","dàn,tán,tan"
"强","qiáng,qiǎng"
"彈","dàn,tán,tan"
"彌","mí"
"彎","wān"
"归","guī"
"当","dāng,dàng,dang"
"录","lù"
"形","xíng,xing"
"彩","cǎi,cai"
"影","yǐng"
"役","yì"
"彻","chè"
"彼","bǐ"
"往","wǎng,wàng"
"征","zhēng"
"径","jìng"
"待","dài"
"很","hěn"
"徊","huái"
"律","l̈ù"
"徐","xú"
"徑","jìng"
"徒","tú"
"得","de,dé,děi"
"徘","pái"
"從","cóng,cōng"
"御","yù"
"循","xún"
"微","wēi"
"德","dé"
"徹","chè"
"心","xīn,xin"
"必","bì"
"忆","yì"
"忍","rěn"
"志","zhì"
"忘","wàng"
"忙","máng"
"忠","zhōng"
"忧","yoū"
"快","kuài,kuai"
"忱","chén"
"念","niàn"
"忽","hū"
"忿","fèn"
"怀","huái"
"态","tài"
"怎","zěn"
"怒","nù"
"怔","zhēng"
"怕","pà"
"怖","bù"
"怜","lián"
"思","sī,si"
"急","jí"
"怦","pēng"
"性","xìng,xing"
"怨","yuàn,yuan"
"怪","guài"
"怯","qiè"
"总","zǒng"
"恆","héng"
"恋","liàn"
"恍","huǎng"
"恐","kǒng"
"恒","héng"
"恢","huī"
"恥","chǐ"
"恨","hèn"
"息","xi,xī"
"恰","qià"
"恳","kěn"
"恶","è,wù"
"恼","nǎo"
"悄","qiāo"
"悅","yuè"
"悉","xī"
"悔","huǐ"
"悟","wù"
"悠","yoū"
"患","huàn"
"悦","yuè"
"您","nín"
"悬","xuán"
"悲","bēi"
"悶","mèn,mēn"
"悼","dào"
"情","qíng,qing"
"惊","jīng"
"惋","wǎn"
"惑","huò,huo"
"惕","tì"
"惚","hū"
"惜","xī"
"惟","wéi"
"惡","è,wù"
"惦","diàn"
"惧","jù"
"惨","cǎn"
"惩","chéng"
"惭","cán"
"惯","guàn"
"惱","nǎo"
"想","xiǎng"
"惶","huáng"
"惹","rě"
"愁","choú"
"愈","yù"
"愉","yú"
"意","yì,yi"
"愕","è"
"愚","yú"
"愛","ài"
"感","gǎn"
"愣","lèng"
"愤","fèn"
"愧","kuì"
"愿","yuàn"
"慈","cí"
"態","tài"
"慌","huāng,huang"
"慎","shèn"
"慕","mù"
"慘","cǎn"
"慚","cán"
"慢","màn"
"慣","guàn"
"慧","huì"
"慨","kǎi"
"慮","l̈ù"
"慰","wèi"
"慶","qìng"
"慷","kāng"
"憂","yoū"
"憋","biē"
"憐","lián"
"憑","píng"
"憤","fèn"
"憧","chōng"
"憬","jǐng"
"憲","xiàn"
"憶","yì"
"憾","hàn"
"懂","dǒng"
"懇","kěn"
"應","yīng,yìng,ying"
"懒","lǎn"
"懲","chéng"
"懶","lǎn"
"懷","huái"
"懸","xuán"
"懼","jù"
"戀","liàn"
"戏","xì"
"成","chéng,cheng"
"我","wǒ"
"戒","jiè"
"或","huò"
"战","zhàn"
"戚","qi"
"截","jié"
"戰","zhàn"
"戲","xì"
"戴","dài"
"戶","hù,hu"
"户","hù,hu"
"房","fáng"
"所","suǒ"
"扁","biǎn"
"扇","shàn,shān"
"手","shoǔ,shou"
"才","cái,cai"
"扎","zhā,zhá"
"扑","pū"
"扒","bā"
"打","dǎ,da"
"扔","rēng"
"托","tuō"
"扛","káng"
"扣","koù"
"执","zhí"
"扩","kuò"
"扫","sǎo,sào"
"扬","yáng"
"扭","niǔ,niu"
"扮","ban,bàn"
"扯","chě,che"
"扰","rǎo"
"扳","bān"
"扶","fú"
"批","pī"
"找","zhǎo"
"承","chéng"
"技","jì"
"抄","chāo"
"把","bǎ"
"抑","yì"
"抓","zhuā"
"投","toú"
"抖","doǔ"
"抗","kàng"
"折","zhé,zhē,shé"
"抚","fǔ"
"抛","pāo"
"抡","lūn"
"抢","qiǎng"
"护","hù"
"报","bào"
"披","pī"
"抬","tái"
"抱","bào"
"抵","dǐ"
"抹","mǒ,mā"
"押","yā"
"抽","choū"
"抿","mǐn"
"拄","zhǔ"
"担","dān,dàn,dan"
"拆","chāi"
"拇","mu"
"拉","lā,la"
"拋","pāo"
"拌","bàn"
"拍","pāi"
"拐","guǎi"
"拒","jù"
"拔","bá,ba"
"拖","tuō"
"拘","jū"
"招","zhāo"
"拜","bài"
"拟","nǐ"
"拢","lǒng"
"拣","jiǎn"
"拥","yōng"
"拦","lán"
"拧","níng"
"拨","bō"
"择","zé"
"括","kuò"
"拭","shì"
"拱","gǒng"
"拳","quán"
"拴","shuān"
"拼","pīn"
"拾","shi,shí"
"拿","ná"
"持","chí"
"挂","guà"
"指","zhǐ,zhí,zhī"
"按","àn"
"挎","kuà"
"挑","tiāo,tiǎo"
"挖","wā"
"挟","xié"
"挡","dǎng"
"挣","zhēng,zhèng"
"挤","jǐ"
"挥","huī"
"挨","āi"
"挫","cuò"
"振","zhèn"
"挺","tǐng"
"挽","wǎn"
"挾","xié"
"捂","wǔ"
"捆","kǔn"
"捉","zhuō"
"捍","hàn"
"捎","shāo"
"捏","niē"
"捐","juān"
"捕","bǔ"
"捞","lāo"
"损","sǔn"
"捡","jiǎn"
"换","huàn"
"捣","dǎo"
"捧","pěng"
"据","jù"
"捶","chuí"
"捷","jié"
"捻","niǎn"
"掀","xiān"
"掃","sǎo,sào"
"掄","lūn"
"授","shoù"
"掉","diào"
"掌","zhǎng,zhang"
"掏","tāo"
"掐","qiā"
"排","pái"
"掘","jué"
"掙","zhēng,zhèng"
"掛","guà"
"掠","lüè"
"探","tàn,tan"
"接","jiē"
"控","kòng"
"推","tuī"
"掩","yǎn"
"措","cuò"
"掰","bāi"
"掷","zhì"
"揀","jiǎn"
"揉","roú"
"揍","zoù"
"描","miáo"
"提","tí"
"插","chā"
"揚","yáng"
"換","huàn"
"握","wò"
"揣","chuāi"
"揩","kāi"
"揪","jiū"
"揭","jiē"
"揮","huī"
"援","yuán"
"搀","chān"
"搁","gē,ge"
"搂","loǔ"
"搅","jiǎo"
"損","sǔn"
"搏","bó"
"搓","cuō"
"搔","sāo"
"搖","yáo"
"搗","dǎo"
"搜","soū"
"搞","gǎo"
"搪","táng"
"搬","bān"
"搭","dā"
"搶","qiǎng"
"携","xié"
"摄","shè"
"摆","bǎi"
"摇","yáo"
"摊","tān"
"摔","shuāi"
"摘","zhāi"
"摟","loǔ"
"摧","cuī"
"摩","mó"
"摸","mō,mo"
"撂","liào"
"撅","juē"
"撈","lāo"
"撐","chēng,cheng"
"撑","chēng,cheng"
"撒","sā,sǎ"
"撕","sī"
"撞","zhuàng"
"撤","chè"
"撥","bō"
"撩","liāo"
"撫","fǔ"
"播","bō"
"撲","pū"
"撵","niǎn"
"撼","hàn"
"撿","jiǎn"
"擁","yōng"
"擇","zé"
"擊","jī"
"擋","dǎng"
"操","cāo"
"擔","dān,dàn,dan"
"據","jù"
"擠","jǐ"
"擦","cā"
"擬","nǐ"
"擰","níng"
"擱","gē,ge"
"擲","zhì"
"擴","kuò"
"擺","bǎi"
"擾","rǎo"
"攀","pān"
"攆","niǎn"
"攏","lǒng"
"攒","zǎn"
"攔","lán"
"攙","chān"
"攜","xié"
"攝","shè"
"攢","zǎn"
"攤","tān"
"攥","zuàn"
"攪","jiǎo"
"支","zhī"
"收","shoū"
"改","gǎi"
"攻","gōng"
"放","fàng"
"政","zhèng"
"故","gù"
"效","xiào"
"敌","dí"
"敏","mǐn"
"救","jiù"
"敗","bài"
"敘","xù"
"教","jiào,jiāo"
"敞","chang"
"敢","gǎn"
"散","sàn,sǎn"
"敬","jìng"
"数","shù,shǔ,shu"
"敲","qiāo"
"整","zhěng"
"敵","dí"
"敷","fū"
"數","shù,shǔ,shu"
"斃","bì"
"文","wén"
"斗","doù"
"料","liào"
"斜","xié"
"斤","jīn"
"斥","chì"
"斧","fǔ"
"断","duàn"
"斯","sī"
"新","xīn"
"斷","duàn"
"方","fāng,fang"
"施","shī"
"旁","páng"
"旅","l̈ǔ"
"旋","xuán"
"族","zú"
"旗","qí"
"无","wú"
"既","jì"
"日","rì"
"旦","dàn"
"旧","jiù"
"早","zǎo"
"旬","xún"
"旱","hàn"
"时","shí"
"旷","kuàng"
"旺","wàng"
"昂","áng"
"昆","kūn"
"明","míng,ming"
"昏","hūn,hún"
"易","yì"
"星","xīng"
"映","yìng"
"春","chūn"
"昧","mèi"
"昨","zuó"
"是","shì,shi"
"昼","zhoù"
"显","xiǎn"
"時","shí"
"晃","huang,huàng,huǎng"
"晌","shǎng"
"晒","shài"
"晓","xiǎo"
"晕","yūn"
"晚","wǎn"
"晝","zhoù"
"晨","chen,chén"
"普","pǔ"
"景","jǐng"
"晰","xī"
"晴","qíng"
"晶","jīng"
"智","zhì"
"晾","liàng"
"暂","zàn"
"暄","xuān"
"暈","yūn"
"暑","shǔ"
"暖","nuǎn"
"暗","àn"
"暢","chàng"
"暫","zàn"
"暴","bào"
"曉","xiǎo"
"曠","kuàng"
"曰","yuē"
"曲","qū,qǔ"
"更","gèng,gēng"
"書","shū"
"曾","céng"
"替","tì"
"最","zuì"
"會","huì,kuài"
"月","yuè,yue"
"有","yoǔ"
"朋","péng"
"服","fú,fu"
"朗","lǎng"
"望","wàng,wang"
"朝","cháo,zhāo"
"期","qī"
"朦","méng"
"朧","lóng"
"木","mù"
"未","wèi"
"末","mò"
"本","běn"
"朮","shù"
"术","shù"
"朴","pǔ"
"朵","duo,duǒ"
"机","jī"
"朽","xiǔ"
"杀","shā"
"杂","zá"
"权","quán"
"杆","gān,gǎn"
"杉","shān"
"李","li"
"材","cái,cai"
"村","cūn"
"杜","dù"
"束","shù"
"条","tiáo"
"来","lái"
"杨","yáng"
"杯","bēi"
"杰","jié"
"東","dōng"
"松","sōng"
"板","bǎn"
"极","jí"
"构","goù"
"枉","wang"
"析","xī"
"枕","zhěn"
"林","lín"
"枚","méi"
"果","guǒ"
"枝","zhī"
"枢","shū"
"枣","zǎo"
"枪","qiāng"
"枯","kū"
"架","jià"
"柄","bǐng"
"柏","bǎi"
"某","moǔ"
"染","rǎn"
"柔","roú"
"柜","guì"
"查","chá"
"柱","zhù"
"柳","liǔ"
"柴","chái"
"标","biāo"
"栏","lán"
"树","shù"
"校","xiào"
"株","zhū"
"样","yàng"
"核","hé"
"根","gēn"
"格","gé,ge"
"栽","zāi"
"桃","táo"
"桅","wéi"
"框","kuāng,kuàng"
"案","àn"
"桌","zhuō"
"桑","sāng"
"桔","jú"
"档","dàng"
"桥","qiáo"
"桦","huà"
"桨","jiǎng"
"桩","zhuāng"
"桶","tǒng"
"梁","liáng,liang"
"梅","méi"
"梆","bāng"
"梗","gěng"
"條","tiáo"
"梢","shāo"
"梦","mèng"
"梨","lí"
"梯","tī"
"械","xiè"
"梳","shū"
"检","jiǎn"
"棄","qì"
"棉","mián"
"棋","qí"
"棍","gùn"
"棒","bàng"
"棗","zǎo"
"棚","péng,peng"
"森","sēn"
"棵","kē"
"棺","guān"
"椅","yǐ"
"植","zhí"
"椒","jiāo"
"椭","tuǒ"
"楊","yáng"
"楚","chu"
"業","yè"
"極","jí"
"楼","loú"
"概","gài"
"榕","róng"
"榜","bǎng"
"榮","róng"
"榴","liú"
"構","goù"
"槍","qiāng"
"槐","huái"
"槛","kǎn"
"槳","jiǎng"
"槽","cáo"
"樁","zhuāng"
"樂","lè,yuè"
"樓","loú"
"標","biāo"
"樞","shū"
"樟","zhāng"
"模","mó,mú"
"樣","yàng"
"横","héng"
"樹","shù"
"樺","huà"
"橋","qiáo"
"橘","jú"
"機","jī"
"橡","xiàng"
"橢","tuǒ"
"橫","héng"
"檐","yán"
"檔","dàng"
"檢","jiǎn"
"檻","kǎn"
"欄","lán"
"權","quán"
"欠","qiàn,qian"
"次","cì"
"欢","huan,huān"
"欣","xīn"
"欧","oū"
"欲","yù"
"欺","qī"
"欽","qīn"
"款","kuǎn"
"歇","xiē"
"歉","qiàn"
"歌","gē,ge"
"歐","oū"
"歡","huan,huān"
"止","zhǐ"
"正","zhèng,zheng,zhēng"
"此","cǐ"
"步","bù"
"武","wǔ"
"歪","wāi"
"歲","suì"
"歷","lì"
"歸","guī"
"死","sǐ"
"歼","jiān"
"殊","shū"
"残","cán"
"殖","zhí"
"殘","cán"
"殲","jiān"
"段","duàn"
"殺","shā"
"殼","ké,qiào"
"殿","diàn"
"毀","huǐ"
"毁","huǐ"
"毅","yì"
"母","mǔ"
"每","měi"
"毒","dú"
"比","bǐ"
"毕","bì"
"毙","bì"
"毛","máo,mao"
"毡","zhān"
"毫","háo"
"毯","tǎn"
"氈","zhān"
"氏","shì"
"民","mín"
"氓","máng"
"气","qì,qi"
"氛","fēn"
"氢","qīng"
"氣","qì,qi"
"氧","yǎng"
"氨","ān"
"氫","qīng"
"氮","dàn"
"水","shuǐ"
"永","yǒng"
"汁","zhī"
"求","qiú"
"汇","huì"
"汉","hàn"
"汗","hàn"
"汛","xùn"
"汞","gǒng"
"江","jiāng"
"池","chí"
"污","wū"
"汤","tāng,tang"
"汪","wāng"
"汰","tài"
"汹","xiōng"
"決","jué"
"汽","qì"
"沃","wò"
"沉","chén,chēn"
"沏","qī"
"沒","méi,mò"
"沖","chōng,chòng"
"沙","shā"
"沛","pèi"
"沟","goū"
"没","méi,mò"
"沥","lì"
"沫","mò,mo"
"河","hé"
"沸","fèi"
"油","yoú"
"治","zhì"
"沾","zhān"
"沿","yán,yàn"
"況","kuàng"
"泄","xiè"
"泉","quán"
"泊","pō,bó"
"泌","mì"
"法","fǎ,fa"
"泛","fàn"
"泡","pào"
"波","bō"
"泣","qì"
"泥","ní"
"注","zhù"
"泪","lèi"
"泳","yǒng"
"泵","bèng"
"泼","po,pō"
"洁","jié"
"洋","yáng"
"洒","sǎ"
"洗","xǐ"
"洞","dòng"
"津","jīn"
"洪","hóng"
"洲","zhoū"
"洶","xiōng"
"活","huó,huo"
"派","pài"
"流","liú"
"浅","qiǎn"
"浆","jiāng"
"浇","jiāo"
"浊","zhuó"
"测","cè"
"济","jì"
"浑","hún"
"浓","nóng"
"浩","hào"
"浪","làng"
"浮","fú"
"海","hǎi"
"浸","jìn"
"涂","tu,tú"
"消","xiāo"
"涉","shè"
"涌","yǒng"
"涕","tì"
"涛","tāo"
"涡","wō"
"涤","dí"
"润","rùn"
"涨","zhǎng,zhàng"
"液","yè"
"涼","liáng"
"淀","diàn"
"淋","lín"
"淌","tǎng"
"淒","qī"
"淘","táo"
"淚","lèi"
"淡","dàn"
"淨","jìng"
"深","shēn"
"淳","chún"
"混","hùn,hún"
"淹","yān"
"淺","qiǎn"
"添","tiān"
"清","qīng"
"渐","jiàn"
"渔","yú"
"渗","shèn"
"減","jiǎn"
"渠","qú"
"渡","dù"
"渣","zhā"
"渦","wō"
"温","wēn"
"測","cè"
"港","gǎng"
"渴","kě"
"游","yoú"
"渺","miǎo"
"渾","hún"
"湃","pài"
"湊","coù"
"湖","hú"
"湯","tāng,tang"
"湾","wān"
"湿","shī"
"溃","kuì"
"溅","jiàn"
"溉","gài"
"源","yuán"
"溜","liū"
"溝","goū"
"溪","xī"
"溫","wēn"
"溶","róng"
"滅","miè"
"滋","zī"
"滌","dí"
"滑","huá,hua"
"滔","tāo"
"滚","gǔn"
"满","mǎn"
"滥","làn"
"滨","bīn"
"滩","tān"
"滲","shèn"
"滴","dī"
"滾","gǔn"
"滿","mǎn"
"漁","yú"
"漂","piào,piāo"
"漆","qī"
"漏","loù"
"演","yǎn"
"漠","mò"
"漢","hàn"
"漩","xuán"
"漫","màn"
"漲","zhǎng,zhàng"
"漸","jiàn"
"漾","yàng"
"漿","jiāng"
"潑","po,pō"
"潔","jié"
"潛","qián"
"潜","qián"
"潤","rùn"
"潭","tán"
"潮","cháo"
"潰","kuì"
"澆","jiāo"
"澎","pēng"
"澡","zǎo"
"澱","diàn"
"激","jī,ji"
"濁","zhuó"
"濃","nóng"
"濕","shī"
"濟","jì"
"濤","tāo"
"濫","làn"
"濱","bīn"
"濺","jiàn"
"瀑","pù"
"瀝","lì"
"灌","guàn"
"灘","tān"
"灣","wān"
"火","huǒ"
"灭","miè"
"灯","dēng"
"灰","huī"
"灵","líng,ling"
"灶","zào"
"災","zāi"
"灾","zāi"
"灿","càn"
"炉","lú"
"炊","chuī"
"炎","yán"
"炒","chǎo"
"炕","kàng"
"炭","tàn"
"炮","pào"
"炯","jiǒng"
"炸","zhà"
"点","diǎn"
"為","wèi,wéi"
"炼","liàn"
"烁","shuò"
"烂","làn"
"烈","liè"
"烏","wū"
"烘","hōng"
"烛","zhú"
"烟","yān"
"烤","kǎo"
"烦","fán,fan"
"烧","shāo"
"烫","tàng"
"热","rè"
"焊","hàn"
"無","wú"
"焦","jiāo"
"焰","yàn"
"然","rán,ran"
"煉","liàn"
"煌","huáng"
"煎","jiān"
"煙","yān"
"煞","shā"
"煤","méi"
"照","zhào"
"煩","fán,fan"
"煮","zhǔ"
"熄","xī"
"熊","xióng"
"熏","xūn"
"熔","róng"
"熟","shú"
"熬","áo"
"熱","rè"
"燃","rán"
"燈","dēng"
"燒","shāo"
"燕","yàn"
"燙","tàng"
"營","yíng"
"燥","zào"
"燦","càn"
"燭","zhú"
"爆","bào"
"爍","shuò"
"爐","lú"
"爛","làn"
"爪","zhǎo,zhuǎ"
"爬","pá"
"爭","zhēng"
"爱","ài"
"父","fù"
"爷","ye,yé"
"爸","bà,ba"
"爹","diē"
"爺","ye,yé"
"爽","shuǎng"
"爾","ěr"
"牆","qiáng"
"片","piàn,piān"
"版","bǎn"
"牌","pái"
"牙","yá"
"牛","niú"
"牡","mǔ"
"牢","láo"
"牦","máo"
"牧","mù"
"物","wù,wu"
"牲","shēng"
"牵","qiān"
"特","tè"
"牺","xī"
"牽","qiān"
"犀","xī"
"犁","lí"
"犛","máo"
"犧","xī"
"犬","quǎn"
"犯","fàn"
"状","zhuàng"
"犹","yoú"
"狀","zhuàng"
"狂","kuáng"
"狈","bèi"
"狐","hú"
"狗","goǔ"
"狠","hěn"
"狡","jiǎo"
"独","dú"
"狭","xiá"
"狮","shī"
"狱","yù"
"狸","li"
"狹","xiá"
"狼","láng"
"狽","bèi"
"猎","liè"
"猛","měng"
"猜","cāi"
"猩","xīng,xing"
"猪","zhū"
"猫","māo"
"猬","wei"
"献","xiàn"
"猴","hoú"
"猶","yoú"
"猾","huá"
"猿","yuán"
"獄","yù"
"獅","shī"
"獎","jiǎng"
"獨","dú"
"獲","huò"
"獵","liè"
"獸","shoù"
"獻","xiàn"
"率","l̈ù,shuài"
"玉","yù"
"王","wáng"
"玩","wán"
"环","huán"
"现","xiàn"
"玲","líng"
"玻","bō"
"珊","shān"
"珍","zhēn"
"珑","lóng"
"珠","zhū"
"班","bān"
"現","xiàn"
"球","qiú"
"理","lǐ,li"
"琐","suǒ"
"琢","zuó"
"琴","qín"
"瑚","hú"
"瑣","suǒ"
"瑩","yíng"
"璃","lí"
"環","huán"
"瓏","lóng"
"瓜","guā"
"瓢","piáo"
"瓣","bàn"
"瓦","wǎ"
"瓶","píng"
"瓷","cí"
"甘","gān"
"甚","shén,shèn"
"甜","tián"
"生","shēng,sheng"
"產","chǎn"
"用","yòng,yong"
"甩","shuǎi"
"甫","fu"
"甭","béng"
"田","tián"
"由","yoú"
"甲","jiǎ,jia"
"申","shēn"
"电","diàn"
"男","nán"
"甸","diān"
"画","huà"
"畅","chàng"
"界","jiè"
"畏","wèi"
"畔","pàn"
"留","liú"
"畜","chù,xù"
"畝","mǔ"
"畢","bì"
"略","lüè"
"番","fān"
"畫","huà"
"異","yì"
"當","dāng,dàng,dang"
"疆","jiāng"
"疊","dié"
"疏","shū"
"疑","yí"
"疗","liáo"
"疙","gē"
"疫","yì"
"疯","fēng"
"疲","pí"
"疼","téng"
"疾","jí"
"病","bìng"
"症","zhèng"
"痒","yǎng"
"痕","hén"
"痛","tòng"
"痰","tán"
"痹","bì"
"痺","bì"
"瘋","fēng"
"瘦","shoù"
"瘩","da"
"瘪","biě"
"療","liáo"
"癌","ái"
"癟","biě"
"登","dēng"
"發","fā,fa,fà"
"白","bái,bai"
"百","bǎi"
"皂","zào"
"的","de,dì,dí"
"皆","jiē"
"皇","huáng"
"皮","pí"
"皱","zhoù"
"皺","zhoù"
"盆","pén"
"益","yì"
"盏","zhǎn"
"盐","yán"
"监","jiān"
"盒","hé"
"盔","kuī"
"盖","gài,gai"
"盗","dào"
"盘","pán,pan"
"盛","shèng,chéng"
"盜","dào"
"盞","zhǎn"
"盟","méng"
"盡","jǐn,jìn"
"監","jiān"
"盤","pán,pan"
"目","mù"
"盯","dīng"
"盲","máng"
"直","zhí"
"相","xiāng,xiàng"
"盼","pàn"
"盾","dùn"
"省","shěng"
"眉","méi"
"看","kàn,kān"
"真","zhēn"
"眠","mián"
"眨","zhǎ"
"眯","mī"
"眶","kuàng"
"眺","tiào"
"眼","yǎn"
"眾","zhòng"
"着","zhe,zháo,zhuó,zhāo"
"睁","zhēng"
"睛","jing,jīng"
"睜","zhēng"
"睡","shuì"
"督","dū"
"睫","jié"
"瞄","miáo"
"瞅","choǔ"
"瞇","mī"
"瞌","kē"
"瞎","xiā"
"瞒","mán"
"瞞","mán"
"瞥","piē"
"瞧","qiáo"
"瞪","dèng"
"瞭","liǎo,liào"
"瞻","zhān"
"矗","chù"
"矛","máo"
"知","zhī"
"矩","ju"
"短","duǎn"
"矮","ǎi"
"石","shí"
"矿","kuàng"
"码","mǎ"
"砂","shā"
"砌","qì"
"砍","kǎn"
"研","yán"
"砖","zhuān"
"砰","pēng"
"破","pò"
"砸","zá"
"砾","lì"
"础","chǔ"
"硅","guī"
"硝","xiāo"
"硫","liú"
"硬","yìng"
"确","què"
"碌","lù"
"碍","ài"
"碎","suì"
"碑","bēi"
"碗","wǎn"
"碟","dié"
"碧","bì"
"碰","pèng"
"碱","jiǎn"
"碳","tàn"
"確","què"
"碼","mǎ"
"碾","niǎn"
"磁","cí"
"磅","bàng"
"磊","lěi"
"磕","kē"
"磚","zhuān"
"磨","mó,mo,mò"
"磷","lín"
"磺","huáng"
"礎","chǔ"
"礙","ài"
"礦","kuàng"
"礫","lì"
"示","shì"
"礼","lǐ"
"社","shè"
"祖","zǔ"
"祝","zhù"
"神","shén,shen"
"祥","xiáng"
"票","piào"
"祸","huò"
"禁","jìn,jīn"
"禍","huò"
"福","fú"
"禮","lǐ"
"离","lí"
"禿","tū"
"秀","xiù"
"私","sī"
"秃","tū"
"秆","gǎn"
"秋","qiū"
"种","zhǒng,zhòng"
"科","kē"
"秒","miǎo"
"秘","mì"
"租","zū"
"秤","chèng"
"秧","yāng"
"秩","zhì"
"积","jī"
"称","chēng,chèn"
"移","yí"
"稀","xī"
"稅","shuì"
"稈","gǎn"
"程","chéng"
"稍","shāo"
"税","shuì"
"稚","zhì"
"稠","choú"
"種","zhǒng,zhòng"
"稱","chēng,chèn"
"稳","wěn"
"稻","dào"
"稼","jia"
"稿","gǎo"
"穆","mù"
"積","jī"
"穎","yǐng"
"穗","suì"
"穩","wěn"
"究","jiū,jiu"
"穷","qióng"
"空","kōng,kòng"
"穿","chuān"
"突","tū"
"窃","qiè"
"窄","zhǎi"
"窑","yáo"
"窖","jiào"
"窗","chuāng"
"窜","cuàn"
"窝","wō"
"窟","kū"
"窩","wō"
"窮","qióng"
"窯","yáo"
"窿","long"
"竄","cuàn"
"竊","qiè"
"立","lì"
"竖","shù"
"站","zhàn"
"竞","jìng"
"竟","jìng"
"章","zhāng"
"童","tóng"
"竭","jié"
"端","duān"
"競","jìng"
"竹","zhú"
"竽","yú"
"竿","gān"
"笆","ba"
"笑","xiào"
"笔","bǐ"
"笛","dí"
"符","fú"
"笨","bèn"
"第","dì"
"笼","lóng,long,lǒng"
"筆","bǐ"
"等","děng"
"筋","jīn"
"筐","kuāng"
"筑","zhù"
"筒","tǒng"
"答","dá,dā"
"策","cè"
"筛","shāi"
"筷","kuài"
"签","qiān"
"简","jiǎn"
"算","suàn,suan"
"管","guǎn"
"箩","luó"
"箫","xiāo"
"箭","jiàn"
"箱","xiāng"
"節","jié"
"篇","piān"
"篩","shāi"
"篮","lán"
"篱","lí"
"篷","peng"
"簇","cù"
"簡","jiǎn"
"簫","xiāo"
"簸","bǒ"
"簽","qiān"
"籃","lán"
"籍","jí"
"籠","lóng,long,lǒng"
"籬","lí"
"籮","luó"
"米","mǐ"
"类","lèi"
"籽","zǐ"
"粉","fěn"
"粒","lì"
"粗","cū"
"粘","zhān"
"粜","tiào"
"粥","zhoū"
"粪","fèn"
"粮","liáng"
"粹","cuì"
"精","jīng"
"糊","hu,hú"
"糕","gāo"
"糖","táng"
"糙","cāo"
"糞","fèn"
"糟","zāo"
"糧","liáng"
"糶","tiào"
"系","xì,xi,jì"
"糾","jiū"
"紀","jì"
"約","yuē"
"紅","hóng"
"紋","wén"
"納","nà"
"紐","niǔ"
"純","chún"
"紗","shā"
"紙","zhǐ"
"級","jí"
"紛","fēn"
"素","sù"
"紡","fǎng"
"索","suǒ,suo"
"紧","jǐn"
"紫","zǐ"
"累","lèi,lěi"
"細","xì"
"紳","shēn"
"紹","shào"
"終","zhōng"
"組","zǔ"
"結","jié,jiē"
"絕","jué"
"絡","luò"
"絢","xuàn"
"給","gěi,jǐ"
"絨","róng"
"統","tǒng"
"絲","sī"
"絹","juàn"
"綁","bǎng"
"經","jīng,jing"
"綜","zōng"
"綠","l̈ù"
"綢","choú"
"維","wéi"
"綱","gāng"
"網","wǎng"
"綴","zhui"
"綸","lún"
"綿","mián"
"緊","jǐn"
"緒","xù"
"線","xiàn"
"緞","duàn"
"締","dì"
"緣","yuán"
"編","biān"
"緩","huǎn"
"緯","wěi"
"練","liàn"
"縛","fù"
"縣","xiàn"
"縫","fèng,féng"
"縮","suō"
"縱","zòng"
"縷","l̈ǔ"
"總","zǒng"
"績","jī"
"繁","fán"
"繃","běng,bēng"
"織","zhī"
"繞","rào,rǎo"
"繡","xiù"
"繩","shéng,sheng"
"繪","huì"
"繭","jiǎn"
"繳","jiǎo"
"繼","jì"
"續","xù"
"纏","chán"
"纖","xiān"
"纠","jiū"
"红","hóng"
"纤","xiān"
"约","yuē"
"级","jí"
"纪","jì"
"纬","wěi"
"纯","chún"
"纱","shā"
"纲","gāng"
"纳","nà"
"纵","zòng"
"纶","lún"
"纷","fēn"
"纸","zhǐ"
"纹","wén"
"纺","fǎng"
"纽","niǔ"
"线","xiàn"
"练","liàn"
"组","zǔ"
"绅","shēn"
"细","xì"
"织","zhī"
"终","zhōng"
"绍","shào"
"经","jīng,jing"
"绑","bǎng"
"绒","róng"
"结","jié,jiē"
"绕","rào,rǎo"
"绘","huì"
"给","gěi,jǐ"
"绚","xuàn"
"络","luò"
"绝","jué"
"统","tǒng"
"绢","juàn"
"绣","xiù"
"继","jì"
"绩","jī"
"绪","xù"
"续","xù"
"绳","shéng,sheng"
"维","wéi"
"绵","mián"
"绷","běng,bēng"
"绸","choú"
"综","zōng"
"绿","l̈ù"
"缀","zhui"
"缎","duàn"
"缓","huǎn"
"缔","dì"
"缕","l̈ǔ"
"编","biān"
"缘","yuán"
"缚","fù"
"缝","fèng,féng"
"缠","chán"
"缩","suō"
"缰","jiāng"
"缴","jiǎo"
"缸","gāng"
"缺","quē"
"罐","guàn"
"网","wǎng"
"罚","fá"
"罢","ba,bà"
"罩","zhào"
"罪","zuì,zui"
"置","zhì,zhi"
"罰","fá"
"署","shǔ"
"罵","mà"
"罷","ba,bà"
"羊","yáng"
"美","měi"
"羔","gāo"
"羡","xiàn"
"群","qún"
"羨","xiàn"
"義","yì"
"羽","yǔ"
"翁","wēng"
"翅","chì"
"習","xí"
"翔","xiáng"
"翘","qiào"
"翹","qiào"
"翻","fān"
"翼","yì"
"耀","yào"
"老","lǎo"
"考","kǎo"
"者","zhě"
"而","ér"
"耍","shuǎ"
"耐","nài"
"耕","gēng"
"耗","hào"
"耳","ěr"
"耷","dā"
"耸","sǒng"
"耻","chǐ"
"耽","dān"
"聊","liáo"
"职","zhí"
"联","lián"
"聖","shèng"
"聚","jù"
"聞","wén"
"聪","cōng"
"聯","lián"
"聰","cōng"
"聲","shēng,sheng"
"聳","sǒng"
"職","zhí"
"聽","tīng,ting"
"肃","sù"
"肅","sù"
"肉","roù"
"肌","jī"
"肖","xiào"
"肚","dù"
"肝","gān"
"肠","cháng"
"股","gǔ,gu"
"肢","zhī"
"肤","fū"
"肥","féi"
"肩","jiān"
"肪","fáng"
"肯","kěn"
"育","yù"
"肺","fèi"
"肿","zhǒng"
"胀","zhàng"
"胁","xié"
"胃","wèi"
"胆","dǎn"
"背","bèi,bēi"
"胎","tāi"
"胖","pàng"
"胜","shèng"
"胞","bāo"
"胡","hú"
"胧","lóng"
"胳","gē"
"胶","jiāo"
"胸","xiōng"
"能","néng"
"脂","zhī"
"脅","xié"
"脆","cuì"
"脈","mài"
"脉","mài"
"脊","jí"
"脏","zàng,zāng"
"脑","nǎo"
"脖","bó"
"脚","jiǎo"
"脫","tuō"
"脯","pú"
"脱","tuō"
"脸","liǎn"
"脹","zhàng"
"脾","pí"
"腈","jīng"
"腐","fǔ,fu"
"腔","qiāng"
"腥","xīng"
"腦","nǎo"
"腫","zhǒng"
"腮","sāi"
"腰","yāo"
"腳","jiǎo"
"腸","cháng"
"腹","fù"
"腾","téng,teng"
"腿","tuǐ"
"膀","bǎng"
"膊","bo"
"膏","gāo"
"膚","fū"
"膛","táng"
"膜","mó"
"膝","xī"
"膠","jiāo"
"膨","péng"
"膽","dǎn"
"臂","bì,bei"
"臉","liǎn"
"臟","zàng,zāng"
"臣","chén"
"臥","wò"
"臨","lín"
"自","zì"
"臭","choù"
"至","zhì"
"致","zhì"
"舀","yǎo"
"舅","jiù,jiu"
"舆","yú"
"與","yǔ,yù"
"興","xìng,xīng"
"舉","jǔ,ju"
"舊","jiù"
"舋","xìn"
"舌","shé"
"舍","shě,shè"
"舒","shū"
"舔","tiǎn"
"舞","wǔ"
"舟","zhoū"
"航","háng"
"般","bān"
"舰","jiàn"
"舱","cāng"
"舶","bó"
"船","chuán"
"艇","tǐng"
"艘","soū"
"艙","cāng"
"艦","jiàn"
"良","liáng"
"艰","jiān"
"艱","jiān"
"色","sè"
"艳","yàn"
"艷","yàn"
"艺","yì"
"节","jié"
"芒","máng"
"芝","zhī"
"芦","lú,lu"
"芯","xīn"
"花","huā,hua"
"芽","yá"
"苇","wěi"
"苍","cāng"
"苏","sū"
"苗","miáo"
"若","ruò"
"苦","kǔ"
"英","yīng"
"苹","píng"
"茁","zhuó"
"茂","mào"
"范","fàn"
"茄","jiā"
"茅","máo"
"茎","jīng"
"茧","jiǎn"
"茫","máng,māng"
"茶","chá"
"茸","rōng"
"草","cǎo"
"荐","jiàn"
"荒","huāng"
"荔","lì"
"荡","dàng"
"荣","róng"
"药","yào"
"荷","hé"
"莊","zhuāng"
"莖","jīng"
"莫","mò,mo"
"获","huò"
"莹","yíng"
"菇","gu"
"菊","jú"
"菌","jūn"
"菜","cài"
"菩","pú"
"華","huá"
"萄","táo"
"萝","luó"
"萤","yíng"
"营","yíng"
"萨","sà"
"萬","wàn"
"落","luò,là"
"葉","yè"
"著","zhe,zháo,zhù,zhuó,zhāo"
"葡","pú"
"葦","wěi"
"葫","hú"
"葬","zàng"
"葱","cōng"
"葵","kuí"
"蒙","méng,mēng,měng"
"蒜","suàn"
"蒸","zhēng"
"蒼","cāng"
"蓄","xù"
"蓋","gài,gai"
"蓝","lán"
"蓬","péng"
"蔑","miè"
"蔗","zhe"
"蔥","cōng"
"蔬","shū"
"蔼","ǎi"
"蔽","bì"
"蕉","jiāo"
"蕩","dàng"
"蕴","yùn"
"薄","báo,bó"
"薩","sà"
"薪","xīn"
"薯","shǔ"
"藍","lán"
"藏","cáng"
"藝","yì"
"藤","téng"
"藥","yào"
"藹","ǎi"
"蘆","lú,lu"
"蘇","sū"
"蘊","yùn"
"蘋","píng"
"蘑","mó"
"蘸","zhàn"
"蘿","luó"
"虎","hǔ,hu"
"虏","lǔ"
"虑","l̈ù"
"處","chù,chǔ,chu"
"虚","xū"
"虛","xū"
"虜","lǔ"
"號","hào,hao,háo"
"虧","kuī"
"虫","chóng"
"虽","suī"
"虾","xiā"
"蚀","shí"
"蚁","yǐ"
"蚂","mǎ"
"蚊","wén"
"蚓","yǐn"
"蚕","cán"
"蚜","yá"
"蚣","gong"
"蚩","chī"
"蚪","doǔ"
"蚯","qiū"
"蛀","zhù"
"蛆","qū"
"蛇","shé"
"蛋","dàn"
"蛙","wā"
"蛛","zhū"
"蛤","há"
"蛾","é"
"蜂","fēng"
"蜈","wú"
"蜓","tíng"
"蜗","wō"
"蜘","zhī"
"蜜","mì"
"蜡","là"
"蜻","qīng"
"蝇","ying"
"蝉","chán"
"蝌","kē"
"蝕","shí"
"蝗","huáng"
"蝙","biān"
"蝟","wei"
"蝠","fú"
"蝦","xiā"
"蝴","hú"
"蝶","dié"
"蝸","wō"
"融","róng"
"螞","mǎ"
"螢","yíng"
"蟀","shuài"
"蟆","ma"
"蟋","xī"
"蟬","chán"
"蟻","yǐ"
"蠅","ying"
"蠕","rú"
"蠟","là"
"蠶","cán"
"血","xuè,xiě"
"衅","xìn"
"行","xíng,háng"
"衍","yǎn"
"衔","xián"
"街","jiē"
"衙","yá"
"衛","wèi"
"衡","héng"
"衣","yī"
"补","bǔ"
"表","biǎo"
"衫","shān"
"衬","chèn"
"衰","shuāi"
"袄","ǎo"
"袋","dài,dai"
"袍","páo"
"袖","xiù"
"袜","wà"
"被","bèi"
"袭","xí"
"袱","fu"
"裁","cái"
"裂","liè"
"装","zhuāng"
"裕","yù"
"裙","qún"
"補","bǔ"
"裝","zhuāng"
"裡","li,lǐ"
"裤","kù"
"裳","shang"
"裹","guǒ"
"褂","guà"
"複","fù"
"褐","hè"
"褲","kù"
"襖","ǎo"
"襟","jīn"
"襪","wà"
"襯","chèn"
"襲","xí"
"西","xi,xī"
"要","yào,yāo"
"覆","fù"
"見","jiàn,xiàn,jian"
"規","guī"
"視","shì,shi"
"親","qīn,qin"
"覺","jué,jiào"
"覽","lǎn"
"觀","guān"
"见","jiàn,xiàn,jian"
"观","guān"
"规","guī"
"视","shì,shi"
"览","lǎn"
"觉","jué,jiào"
"角","jiǎo,jué"
"解","jiě"
"触","chù"
"觸","chù"
"言","yán"
"訂","dìng"
"計","jì,ji"
"訊","xùn"
"討","tǎo"
"訓","xun,xùn"
"記","jì,ji"
"訝","yà"
"訟","sòng"
"訪","fǎng"
"設","shè"
"許","xǔ"
"訴","su,sù"
"診","zhěn"
"証","zhèng"
"評","píng"
"詞","cí"
"詢","xún"
"試","shì"
"詩","shī"
"詫","chà"
"詭","guǐ"
"話","huà,hua"
"該","gāi"
"詳","xiáng"
"誉","yù"
"認","rèn"
"誒","éi,ěi,èi"
"誓","shì"
"誕","dàn"
"誘","yoù"
"語","yǔ"
"誠","chéng"
"誡","jiè"
"誣","wū"
"誤","wù,wu"
"誦","sòng"
"說","shuō"
"誰","shuí"
"課","kè"
"誼","yì"
"調","diào,tiáo"
"談","tán"
"請","qǐng"
"諒","liàng"
"論","lùn"
"諷","fěng"
"諸","zhū"
"謀","moú,mou"
"謂","wèi"
"謊","huǎng"
"謙","qiān"
"講","jiǎng"
"謝","xiè,xie"
"謠","yáo"
"謬","miù"
"謹","jǐn"
"譏","jī"
"識","shi,shí"
"警","jǐng"
"譬","pì"
"譯","yì"
"議","yì"
"譴","qiǎn"
"護","hù"
"譽","yù"
"讀","dú"
"變","biàn"
"讓","ràng"
"计","jì,ji"
"订","dìng"
"认","rèn"
"讥","jī"
"讨","tǎo"
"让","ràng"
"训","xun,xùn"
"议","yì"
"讯","xùn"
"记","jì,ji"
"讲","jiǎng"
"讶","yà"
"许","xǔ"
"论","lùn"
"讼","sòng"
"讽","fěng"
"设","shè"
"访","fǎng"
"证","zhèng"
"评","píng"
"识","shi,shí"
"诉","su,sù"
"诊","zhěn"
"词","cí"
"译","yì"
"试","shì"
"诗","shī"
"诚","chéng"
"话","huà,hua"
"诞","dàn"
"诡","guǐ"
"询","xún"
"该","gāi"
"详","xiáng"
"诧","chà"
"诫","jiè"
"诬","wū"
"语","yǔ"
"误","wù,wu"
"诱","yoù"
"说","shuō"
"诵","sòng"
"诶","éi,ěi,èi"
"请","qǐng"
"诸","zhū"
"读","dú"
"课","kè"
"谁","shuí"
"调","diào,tiáo"
"谅","liàng"
"谈","tán"
"谊","yì"
"谋","moú,mou"
"谎","huǎng"
"谓","wèi"
"谢","xiè,xie"
"谣","yáo"
"谦","qiān"
"谨","jǐn"
"谬","miù"
"谴","qiǎn"
"谷","gǔ"
"豁","huō"
"豆","doù"
"豈","qǐ"
"豌","wān"
"豎","shù"
"象","xiàng"
"豪","háo"
"豫","yù"
"豬","zhū"
"豹","bào"
"豺","chái"
"貌","mào"
"貓","māo"
"貝","bèi"
"負","fù,fu"
"財","cái"
"貢","gòng"
"貧","pín"
"貨","huò"
"販","fàn"
"貪","tān"
"貫","guàn"
"責","zé"
"貴","guì"
"買","mǎi"
"費","fèi"
"貼","tiē"
"貿","mào"
"賀","hè"
"資","zī"
"賊","zéi"
"賓","bīn"
"賞","shǎng"
"賠","péi"
"賣","mài,mai"
"賤","jiàn"
"質","zhì"
"賭","dǔ"
"賴","lài"
"賺","zhuàn"
"購","goù"
"賽","sài"
"贊","zàn"
"贝","bèi"
"负","fù,fu"
"贡","gòng"
"财","cái"
"责","zé"
"败","bài"
"货","huò"
"质","zhì"
"贩","fàn"
"贪","tān"
"贫","pín"
"购","goù"
"贯","guàn"
"贱","jiàn"
"贴","tiē"
"贵","guì"
"贸","mào"
"费","fèi"
"贺","hè"
"贼","zéi"
"资","zī"
"赌","dǔ"
"赏","shǎng"
"赔","péi"
"赖","lài"
"赚","zhuàn"
"赛","sài"
"赞","zàn"
"赤","chì"
"走","zoǔ"
"赴","fù"
"赶","gǎn"
"起","qǐ"
"趁","chèn"
"超","chāo"
"越","yuè"
"趋","qū"
"趕","gǎn"
"趟","tàng"
"趣","qù"
"趨","qū"
"足","zú"
"趴","pā"
"跃","yuè"
"跌","diē"
"跑","pǎo"
"跛","bǒ"
"距","jù"
"跟","gēn"
"跡","jī"
"跨","kuà"
"跪","guì"
"路","lù"
"跳","tiào"
"践","jiàn"
"跺","duò"
"踌","choú"
"踏","tà,tā"
"踐","jiàn"
"踢","tī"
"踩","cǎi"
"踪","zōng"
"踮","diǎn"
"踱","duó"
"蹄","tí"
"蹈","dǎo"
"蹋","tà"
"蹤","zōng"
"蹦","bèng"
"蹬","dēng"
"蹭","cèng"
"蹲","dūn"
"躁","zào"
"躇","chú"
"躊","choú"
"躍","yuè"
"身","shēn"
"躬","gōng"
"躯","qū"
"躲","duǒ"
"躺","tǎng"
"軀","qū"
"車","chē"
"軋","yà"
"軌","guǐ"
"軍","jūn"
"軟","ruǎn"
"軸","zhoú"
"較","jiào"
"載","zài,zǎi"
"輔","fǔ"
"輕","qīng"
"輛","liàng"
"輝","huī"
"輩","bèi"
"輪","lún"
"輯","ji,jí"
"輸","shū"
"輻","fú"
"輿","yú"
"轉","zhuǎn,zhuàn"
"轎","jiào"
"轟","hōng"
"车","chē"
"轧","yà"
"轨","guǐ"
"转","zhuǎn,zhuàn"
"轮","lún"
"软","ruǎn"
"轰","hōng"
"轴","zhoú"
"轻","qīng"
"载","zài,zǎi"
"轿","jiào"
"较","jiào"
"辅","fǔ"
"辆","liàng"
"辈","bèi"
"辉","huī"
"辐","fú"
"辑","ji,jí"
"输","shū"
"辛","xīn"
"辜","gū"
"辞","cí"
"辟","pì,bì"
"辣","là"
"辦","bàn"
"辨","biàn"
"辩","biàn"
"辫","biàn"
"辭","cí"
"辮","biàn"
"辯","biàn"
"辱","rǔ"
"農","nóng"
"边","biān,bian"
"辽","liáo"
"达","dá"
"迁","qiān"
"迅","xùn"
"过","guò,guo"
"迈","mài"
"迎","yíng"
"运","yùn"
"近","jìn"
"返","fǎn"
"还","hái,huán"
"这","zhè"
"进","jìn"
"远","yuǎn"
"违","wéi"
"连","lián"
"迟","chí"
"迫","pò"
"述","shù"
"迷","mí"
"迹","jī"
"追","zhuī"
"退","tuì"
"送","sòng"
"适","shì"
"逃","táo"
"选","xuǎn"
"逊","xùn"
"透","toù"
"逐","zhú"
"递","dì"
"途","tú"
"逗","doù"
"這","zhè"
"通","tōng,tòng"
"逛","guàng"
"逝","shì"
"速","sù"
"造","zào"
"逢","féng"
"連","lián"
"逮","dǎi,dài"
"進","jìn"
"逻","luó"
"逼","bī"
"遇","yù"
"運","yùn"
"遍","biàn"
"過","guò,guo"
"道","dào,dao"
"達","dá"
"違","wéi"
"遗","yí"
"遙","yáo"
"遜","xùn"
"遞","dì"
"遠","yuǎn"
"遣","qiǎn"
"遥","yáo"
"適","shì"
"遭","zāo"
"遮","zhē"
"遲","chí"
"遵","zūn"
"遷","qiān"
"選","xuǎn"
"遺","yí"
"遼","liáo"
"避","bì"
"邀","yāo"
"邁","mài"
"還","hái,huán"
"邊","biān,bian"
"邏","luó"
"那","nà"
"邦","bāng"
"邮","yoú"
"邻","lín"
"郁","yù"
"郊","jiāo"
"郑","zhèng"
"部","bù"
"郵","yoú"
"都","doū,dū"
"鄉","xiāng"
"鄙","bǐ"
"鄭","zhèng"
"鄰","lín"
"配","pèi"
"酒","jiǔ"
"酬","chou"
"酱","jiàng"
"酵","jiào"
"酶","méi"
"酷","kù"
"酸","suān"
"酿","niàng"
"醉","zuì"
"醋","cù"
"醒","xǐng"
"醫","yī"
"醬","jiàng"
"釀","niàng"
"采","cǎi"
"释","shì"
"釋","shì"
"里","lǐ,li"
"重","zhòng,chóng"
"野","yě"
"量","liàng,liang,liáng"
"金","jīn"
"釘","dīng"
"針","zhēn"
"釣","diào"
"鈔","chāo"
"鈣","gài"
"鈴","líng"
"鈷","gǔ"
"鈾","yoú"
"鉗","qián"
"鉛","qiān"
"鉤","goū"
"鉴","jiàn"
"銀","yín"
"銅","tóng"
"銜","xián"
"銳","ruì"
"銷","xiāo"
"鋁","l̈ǔ"
"鋅","xīn"
"鋒","fēng"
"鋤","chú"
"鋪","pù,pū,pu"
"鋸","jù"
"鋼","gāng"
"錄","lù"
"錘","chuí"
"錠","dìng"
"錢","qián,qian"
"錦","jǐn"
"錫","xī"
"錯","cuò"
"鍋","guō"
"鍍","dù"
"鍛","duàn"
"鍬","qiāo"
"鍵","jiàn"
"鎂","měi"
"鎖","suǒ"
"鎮","zhèn"
"鏈","liàn"
"鏟","chǎn"
"鏡","jìng"
"鏽","xiù"
"鐘","zhōng"
"鐮","lián"
"鐵","tiě"
"鐺","dang"
"鑄","zhù"
"鑒","jiàn"
"鑰","yào"
"鑲","xiāng"
"鑼","luó"
"鑽","zuān"
"鑿","záo"
"针","zhēn"
"钉","dīng"
"钓","diào"
"钙","gài"
"钞","chāo"
"钟","zhōng"
"钢","gāng"
"钥","yào"
"钦","qīn"
"钩","goū"
"钱","qián,qian"
"钳","qián"
"钴","gǔ"
"钻","zuān"
"铀","yoú"
"铁","tiě"
"铃","líng"
"铅","qiān"
"铛","dang"
"铜","tóng"
"铝","l̈ǔ"
"铲","chǎn"
"银","yín"
"铸","zhù"
"铺","pù,pū,pu"
"链","liàn"
"销","xiāo"
"锁","suǒ"
"锄","chú"
"锅","guō"
"锈","xiù"
"锋","fēng"
"锌","xīn"
"锐","ruì"
"错","cuò"
"锡","xī"
"锣","luó"
"锤","chuí"
"锦","jǐn"
"锭","dìng"
"键","jiàn"
"锯","jù"
"锹","qiāo"
"锻","duàn"
"镀","dù"
"镁","měi"
"镇","zhèn"
"镜","jìng"
"镰","lián"
"镶","xiāng"
"長","zhǎng,cháng"
"长","zhǎng,cháng"
"門","mén,men"
"閃","shǎn"
"閉","bì"
"開","kāi"
"閑","xián"
"間","jiān,jian,jiàn"
"閘","zhá"
"閥","fá"
"閨","guī"
"閱","yuè"
"闊","kuò"
"闖","chuǎng"
"關","guān"
"闡","chǎn"
"门","mén,men"
"闪","shǎn"
"闭","bì"
"问","wèn,wen"
"闯","chuǎng"
"闲","xián"
"间","jiān,jian,jiàn"
"闷","mèn,mēn"
"闸","zhá"
"闹","nào,nao"
"闺","guī"
"闻","wén"
"阀","fá"
"阅","yuè"
"阐","chǎn"
"阔","kuò"
"队","duì"
"防","fáng"
"阳","yáng"
"阴","yīn"
"阵","zhèn"
"阶","jiē"
"阻","zǔ"
"阿","ā"
"附","fù"
"际","jì"
"陆","lù"
"陈","chén"
"陋","loù"
"陌","mò"
"降","jiàng,xiáng"
"限","xiàn"
"陡","doǔ"
"院","yuàn"
"陣","zhèn"
"除","chú"
"险","xiǎn"
"陪","péi"
"陰","yīn"
"陳","chén"
"陵","líng"
"陶","táo"
"陷","xiàn"
"陸","lù"
"陽","yáng"
"隆","lóng,lōng"
"隊","duì"
"階","jiē"
"随","suí"
"隐","yǐn"
"隔","gé"
"隘","ài"
"隙","xì"
"際","jì"
"障","zhàng"
"隧","suì"
"隨","suí"
"險","xiǎn"
"隱","yǐn"
"隶","lì"
"隸","lì"
"难","nán,nan,nàn"
"雀","què"
"雄","xióng"
"集","jí"
"雇","gù"
"雌","cí"
"雕","diāo"
"雖","suī"
"雙","shuāng"
"雜","zá"
"雞","jī"
"離","lí"
"難","nán,nan,nàn"
"雨","yǔ"
"雪","xuě"
"零","líng"
"雷","léi"
"雹","báo"
"電","diàn"
"雾","wù"
"需","xū"
"震","zhèn"
"霉","méi"
"霎","shà"
"霜","shuāng"
"霞","xiá"
"霧","wù"
"露","lù"
"霸","bà"
"靈","líng,ling"
"青","qīng"
"静","jìng,jing"
"靜","jìng,jing"
"非","fēi"
"靠","kào"
"面","miàn,mian"
"革","gé"
"靴","xuē"
"鞋","xié"
"鞏","gǒng"
"鞠","jū"
"鞭","biān"
"韁","jiāng"
"韌","rèn"
"韧","rèn"
"音","yīn"
"響","xiǎng"
"頁","yè"
"頂","dǐng"
"頃","qǐng"
"項","xiàng"
"順","shùn"
"須","xū"
"頌","sòng"
"預","yù"
"頑","wán"
"頒","bān"
"頓","dùn"
"頗","pō"
"領","lǐng"
"頭","toú,tou"
"頰","jiá"
"頸","jǐng"
"頻","pín"
"顆","kē"
"題","tí"
"額","é"
"顏","yán"
"顛","diān"
"類","lèi"
"顧","gù"
"顫","chàn"
"顯","xiǎn"
"页","yè"
"顶","dǐng"
"顷","qǐng"
"项","xiàng"
"顺","shùn"
"须","xū"
"顽","wán"
"顾","gù"
"顿","dùn"
"颁","bān"
"颂","sòng"
"预","yù"
"领","lǐng"
"颇","pō"
"颈","jǐng"
"颊","jiá"
"频","pín"
"颖","yǐng"
"颗","kē"
"题","tí"
"颜","yán"
"额","é"
"颠","diān"
"颤","chàn"
"風","fēng"
"飄","piāo"
"风","fēng"
"飘","piāo"
"飛","fēi"
"飞","fēi"
"食","shí,shi"
"飢","jī"
"飯","fàn"
"飲","yǐn"
"飼","sì"
"飽","bǎo"
"飾","shì"
"餃","jiǎo"
"餅","bǐng,bing"
"養","yǎng"
"餐","cān"
"餓","è"
"餡","xiàn"
"館","guǎn"
"饅","mán"
"饒","ráo"
"饞","chán"
"饥","jī"
"饭","fàn"
"饮","yǐn"
"饰","shì"
"饱","bǎo"
"饲","sì"
"饶","ráo"
"饺","jiǎo"
"饼","bǐng,bing"
"饿","è"
"馅","xiàn"
"馆","guǎn"
"馋","chán"
"馒","mán"
"首","shoǔ"
"香","xiāng"
"馬","mǎ"
"馱","tuó"
"馳","chí"
"駁","bó"
"駐","zhù"
"駒","jū"
"駕","jià"
"駛","shǐ"
"駝","tuo,tuó"
"駱","luò"
"騎","qí"
"騙","piàn"
"騰","téng,teng"
"騾","luó"
"驅","qū"
"驕","jiāo"
"驗","yàn"
"驚","jīng"
"驟","zhoù"
"驢","l̈ú"
"马","mǎ"
"驮","tuó"
"驰","chí"
"驱","qū"
"驳","bó"
"驴","l̈ú"
"驶","shǐ"
"驹","jū"
"驻","zhù"
"驼","tuo,tuó"
"驾","jià"
"骂","mà"
"骄","jiāo"
"骆","luò"
"验","yàn"
"骑","qí"
"骗","piàn"
"骡","luó"
"骤","zhoù"
"骨","gǔ,gú"
"骼","gé"
"體","tǐ"
"高","gāo"
"髦","máo"
"鬧","nào,nao"
"鬼","guǐ"
"魂","hún"
"魄","pò"
"魔","mó"
"魚","yú"
"鮮","xiān,xian"
"鯉","lǐ"
"鯨","jīng"
"鱷","è"
"鱼","yú"
"鲜","xiān,xian"
"鲤","lǐ"
"鲸","jīng"
"鳄","è"
"鳥","niǎo"
"鳧","fú"
"鳳","fèng"
"鳴","míng"
"鴉","yā"
"鴨","yā"
"鴿","gē"
"鵑","juān"
"鵝","é"
"鵪","ān"
"鵲","que"
"鶉","chun"
"鷗","oū"
"鷹","yīng"
"鸝","lí"
"鸟","niǎo"
"鸡","jī"
"鸣","míng"
"鸥","oū"
"鸦","yā"
"鸭","yā"
"鸽","gē"
"鹂","lí"
"鹃","juān"
"鹅","é"
"鹊","que"
"鹌","ān"
"鹑","chun"
"鹰","yīng"
"鹼","jiǎn"
"鹽","yán"
"鹿","lù"
"麗","lì"
"麥","mài"
"麦","mài"
"麻","má,ma"
"麼","me"
"黃","huáng"
"黄","huáng"
"黎","lí"
"黏","nián"
"黑","hēi"
"默","mò"
"點","diǎn"
"黨","dǎng"
"黯","àn"
"黴","méi"
"鼓","gǔ"
"鼠","shǔ"
"鼻","bí"
"齊","qí"
"齐","qí"
"齒","chǐ"
"齡","líng"
"齿","chǐ"
"龄","líng"
"龍","lóng"
"龐","páng"
"龙","lóng"
"龜","guī"
"龟","guī"
